{
  "step1_render_quality": {
    "psnr": 24.849036481564525,
    "ssim": 0.9630659291141135,
    "lpips_proxy": 0.04965664377679013
  },
  "render_time_ms": 210.04319190979004,
  "rendered_pixels": 163757,
  "n_gaussians": 300,
  "reference_type": "2x_highres_downsampled_pseudo_GT",
  "data_mode": "SYNTHETIC"
}