{
  "frontend": [
    [
      0.0,
      -0.9578264951705933,
      10.152957916259766
    ],
    [
      17.179719924926758,
      4.886488914489746,
      14.874847412109375
    ],
    [
      1.6726856231689453,
      -16.47100067138672,
      3.590913772583008
    ],
    [
      -13.001567840576172,
      -4.136004447937012,
      7.584519386291504
    ],
    [
      -13.05986213684082,
      0.6036157608032227,
      -7.606627464294434
    ],
    [
      -13.05986213684082,
      0.6036157608032227,
      -7.606627464294434
    ],
    [
      -13.05986213684082,
      0.6036157608032227,
      -7.606627464294434
    ],
    [
      -13.05986213684082,
      0.6036157608032227,
      -7.606627464294434
    ],
    [
      -13.05986213684082,
      0.6036157608032227,
      -7.606627464294434
    ],
    [
      -13.05986213684082,
      0.6036157608032227,
      -7.606627464294434
    ],
    [
      -13.05986213684082,
      0.6036157608032227,
      -7.606627464294434
    ],
    [
      -13.05986213684082,
      0.6036157608032227,
      -7.606627464294434
    ],
    [
      -13.05986213684082,
      0.6036157608032227,
      -7.606627464294434
    ],
    [
      -13.05986213684082,
      0.6036157608032227,
      -7.606627464294434
    ],
    [
      -13.05986213684082,
      0.6036157608032227,
      -7.606627464294434
    ],
    [
      -13.05986213684082,
      0.6036157608032227,
      -7.606627464294434
    ],
    [
      -13.05986213684082,
      0.6036157608032227,
      -7.606627464294434
    ],
    [
      -13.05986213684082,
      0.6036157608032227,
      -7.606627464294434
    ],
    [
      -13.05986213684082,
      0.6036157608032227,
      -7.606627464294434
    ],
    [
      -13.05986213684082,
      0.6036157608032227,
      -7.606627464294434
    ],
    [
      -13.05986213684082,
      0.6036157608032227,
      -7.606627464294434
    ],
    [
      -13.05986213684082,
      0.6036157608032227,
      -7.606627464294434
    ],
    [
      -13.05986213684082,
      0.6036157608032227,
      -7.606627464294434
    ],
    [
      -13.05986213684082,
      0.6036157608032227,
      -7.606627464294434
    ],
    [
      -13.05986213684082,
      0.6036157608032227,
      -7.606627464294434
    ]
  ],
  "optimized": [
    [
      0.0,
      -0.9578264951705933,
      10.152957916259766
    ],
    [
      17.179719924926758,
      4.886488914489746,
      14.874847412109375
    ],
    [
      1.6726856231689453,
      -16.47100067138672,
      3.590913772583008
    ],
    [
      -13.001567840576172,
      -4.136004447937012,
      7.584519386291504
    ],
    [
      -13.05986213684082,
      0.6036157608032227,
      -7.606627464294434
    ]
  ],
  "n_keyframes": 5,
  "n_loop_closures": 0
}